member_id,first_name,last_name,gender,birth_date,email,phone_number,registration_date,account_status
1,Dael,Sans,Female,03-Apr-1985,dsans0@chron.com,421-196-5672,04-Aug-2012,Active
2,Aurelea,Drewry,Other,30-May-1971,adrewry1@telegraph.co.uk,649-971-3247,25-Feb-2022,Active
3,Stevena,Dupre,Female,07-Aug-1998,sdupre2@example.com,131-511-2930,17-May-2010,Inactive
4,Tillie,Brace,Female,31-Mar-1997,tbrace3@yahoo.co.jp,453-238-5946,29-Nov-2015,Active
5,Lydia,Tunder,Female,28-Jan-1967,ltunder4@eventbrite.com,576-816-2705,10-Aug-2011,Inactive
6,Leonidas,Grishakov,Male,28-Jun-2005,lgrishakov5@netscape.com,395-623-3224,04-Aug-2015,Inactive
7,Lauryn,Varley,Male,20-Mar-2004,lvarley6@sina.com.cn,154-285-1020,17-Jan-2019,Suspended
8,Orly,Losseljong,Male,26-Sep-1964,olosseljong7@noaa.gov,188-110-0553,11-Jul-2017,Active
9,Palmer,Gough,Female,20-Jun-1989,pgough8@slideshare.net,907-841-2870,14-Apr-2012,Inactive
10,Timmie,Bottelstone,Female,31-May-1991,tbottelstone9@fotki.com,861-541-5068,05-Sep-2014,Active
11,Berkie,Brownsett,Male,24-Sep-1960,bbrownsetta@addthis.com,393-483-7443,27-Mar-2012,Active
12,Judon,Garric,Male,22-Nov-1988,jgarricb@guardian.co.uk,106-513-1070,03-Feb-2014,Active
13,Jaclyn,Cudd,Male,18-Mar-1970,jcuddc@wikia.com,274-610-9795,01-Oct-2021,Active
14,Christy,Keeting,Male,24-Dec-1962,ckeetingd@tripadvisor.com,997-542-9060,19-Jun-2022,Suspended
15,Dorene,Gerrett,Male,26-Oct-2004,dgerrette@xing.com,258-337-3764,10-Aug-2011,Active
16,Hermon,Visick,Female,13-May-1967,hvisickf@scribd.com,289-269-6487,09-Dec-2016,Active
17,Cory,Fredy,Male,05-Feb-2005,cfredyg@godaddy.com,757-359-7633,30-Jan-2020,Active
18,Bonita,Martygin,Male,12-Sep-1980,bmartyginh@google.com.br,418-685-5465,03-May-2019,Suspended
19,Mureil,Hatton,Male,08-Feb-1984,mhattoni@pbs.org,705-984-4791,19-Nov-2022,Suspended
20,Clint,Vamplers,Female,29-Aug-1969,cvamplersj@jugem.jp,318-803-6216,01-Nov-2016,Active
21,Lutero,Coggin,Male,02-Aug-1960,lcoggink@scribd.com,903-381-5319,18-May-2017,Active
22,Rahel,Ackerman,Male,05-Dec-1985,rackermanl@cpanel.net,246-141-2945,19-Sep-2019,Active
23,Lind,Martinyuk,Female,16-Aug-1966,lmartinyukm@ustream.tv,274-624-6934,07-May-2013,Suspended
24,Camile,Domenge,Male,02-Jan-1984,cdomengen@about.me,829-284-7425,13-Oct-2021,Active
25,Burnaby,Goretti,Male,22-Apr-2005,bgorettio@hao123.com,251-868-6159,29-Jul-2016,Inactive
26,Kellie,Pierrepoint,Other,04-Sep-2007,kpierrepointp@artisteer.com,756-827-1193,05-Aug-2020,Inactive
27,Thaine,Trathan,Female,18-Sep-1985,ttrathanq@unc.edu,506-659-8532,17-Oct-2015,Active
28,Gratia,Vaughan,Other,22-May-1989,gvaughanr@illinois.edu,975-656-9903,08-Dec-2022,Inactive
29,Rogerio,Pleat,Other,17-May-1975,rpleats@blogger.com,330-562-3328,18-Apr-2013,Active
30,Sterling,Powdrell,Male,04-Aug-1993,spowdrellt@taobao.com,183-339-7312,31-Dec-2013,Active
31,Conrado,Bonny,Other,29-Aug-2005,cbonnyu@joomla.org,939-612-9010,30-Sep-2021,Active
32,Tana,Vedeshkin,Male,03-Sep-1995,tvedeshkinv@psu.edu,848-178-4285,06-Nov-2018,Inactive
33,Odille,Sirmond,Other,03-Oct-1974,osirmondw@bloomberg.com,741-281-2391,06-Jul-2021,Active
34,Olly,Beccles,Male,10-Mar-2003,obecclesx@craigslist.org,591-130-7667,29-Mar-2018,Inactive
35,Lorenzo,Skellen,Male,07-Jul-1984,lskelleny@linkedin.com,326-251-2489,09-May-2016,Suspended
36,Saxe,Gerardi,Female,17-Feb-1970,sgerardiz@dedecms.com,578-854-1050,14-Apr-2017,Active
37,Giffy,Hallet,Male,20-Oct-1975,ghallet10@aboutads.info,286-391-4972,10-Nov-2010,Active
38,Ermina,Chivrall,Male,23-Sep-2003,echivrall11@etsy.com,263-699-7453,15-Jan-2021,Suspended
39,Lusa,Cesaric,Female,22-Apr-2006,lcesaric12@rakuten.co.jp,172-258-1989,21-Jul-2019,Active
40,Ki,Clarey,Male,23-Nov-1978,kclarey13@trellian.com,181-946-3363,28-Jul-2010,Inactive
41,Norry,Tompkins,Male,05-Aug-1980,ntompkins14@adobe.com,337-474-6624,08-Nov-2010,Active
42,Tabb,Tollit,Female,19-May-2004,ttollit15@xrea.com,645-896-4505,20-Apr-2010,Active
43,Cindra,Mcimmie,Female,30-Apr-1980,cmcimmie16@netlog.com,364-365-1160,02-Sep-2011,Active
44,Rozella,Howley,Other,07-May-1988,rhowley17@deviantart.com,561-306-8468,12-Aug-2016,Active
45,Felecia,Glavias,Male,28-May-1965,fglavias18@pcworld.com,896-674-8710,03-Dec-2022,Active
46,Brigham,Ambrosini,Female,02-Sep-1977,bambrosini19@upenn.edu,304-591-2113,15-Mar-2013,Inactive
47,Emelen,Whitmore,Male,26-Oct-1962,ewhitmore1a@dell.com,743-396-5268,19-Oct-2016,Suspended
48,Denys,Jermy,Female,25-Oct-1985,djermy1b@issuu.com,412-648-2584,29-Nov-2016,Inactive
49,Estele,Ellard,Male,22-Jun-1968,eellard1c@facebook.com,769-198-9463,19-May-2021,Suspended
50,Siffre,Corriea,Male,12-Aug-1968,scorriea1d@sciencedirect.com,802-944-9584,05-Nov-2021,Active
51,Bastian,Adamovitch,Female,16-Aug-1961,badamovitch1e@yahoo.com,633-477-9405,03-Dec-2010,Inactive
52,Bunni,Killigrew,Male,24-Nov-1997,bkilligrew1f@github.io,142-634-6555,22-Aug-2010,Inactive
53,Ellis,Cominetti,Female,26-Jun-1993,ecominetti1g@google.co.jp,475-678-6243,28-Jun-2016,Suspended
54,Jenilee,Trengrove,Male,26-Aug-1968,jtrengrove1h@omniture.com,355-549-2922,10-Dec-2010,Active
55,Shara,Denys,Female,18-Sep-1973,sdenys1i@pinterest.com,322-990-7491,22-Nov-2021,Active
56,Frank,Wife,Male,10-Mar-1987,fwife1j@google.ca,792-207-6946,10-Jun-2011,Active
57,Baryram,Dederich,Female,18-Mar-1973,bdederich1k@friendfeed.com,244-930-0188,23-Apr-2018,Suspended
58,Lorie,Jouannot,Female,17-Mar-1988,ljouannot1l@google.co.uk,285-574-1193,06-May-2011,Active
59,Lynnette,Schimoni,Male,26-Jul-1966,lschimoni1m@eepurl.com,173-732-5585,19-Oct-2014,Active
60,Nobie,Caughtry,Female,25-Apr-1987,ncaughtry1n@w3.org,436-143-2612,16-Feb-2019,Active
61,Sanson,Dowdney,Male,05-Jun-1971,sdowdney1o@twitter.com,840-142-8473,24-Jun-2016,Active
62,Emily,Craufurd,Female,04-Jun-2007,ecraufurd1p@barnesandnoble.com,888-330-7958,20-Apr-2012,Inactive
63,Sharai,Woodgate,Female,18-Aug-1974,swoodgate1q@spotify.com,191-301-5999,23-Apr-2019,Active
64,Somerset,Dumbar,Male,28-Jun-1993,sdumbar1r@joomla.org,209-241-6044,25-May-2014,Active
65,Tilda,Ferreres,Male,19-Dec-1997,tferreres1s@prnewswire.com,193-781-2246,22-Jan-2014,Active
66,Lester,Poll,Other,20-Jul-1966,lpoll1t@reference.com,139-607-8758,06-Mar-2019,Active
67,Geralda,Chittim,Other,30-Aug-1975,gchittim1u@flavors.me,713-165-1261,14-Sep-2018,Inactive
68,Estrellita,Lackemann,Female,24-Feb-1968,elackemann1v@samsung.com,835-312-2581,16-Jan-2016,Active
69,Quent,Sacker,Female,31-Dec-2005,qsacker1w@mtv.com,187-131-8221,14-Jan-2022,Inactive
70,Roobbie,Gibbeson,Female,28-Dec-2002,rgibbeson1x@oaic.gov.au,809-366-2440,26-Aug-2018,Inactive
71,Lorianne,Danskine,Female,16-Jan-1997,ldanskine1y@ucla.edu,949-573-9653,10-Feb-2018,Active
72,Miles,Paoli,Male,01-Feb-2002,mpaoli1z@ucoz.ru,237-557-8310,01-Sep-2021,Active
73,Isobel,Verna,Female,23-Aug-1987,iverna20@engadget.com,381-449-1373,25-Jan-2019,Active
74,Evangeline,Beetles,Female,31-Mar-1965,ebeetles21@freewebs.com,353-517-3018,26-Feb-2013,Suspended
75,Boote,Linn,Female,10-Feb-2003,blinn22@elegantthemes.com,530-785-8873,09-Feb-2017,Active
76,Lorine,Moakes,Male,26-May-1967,lmoakes23@ask.com,193-860-2668,27-Nov-2016,Suspended
77,Kaylyn,Beynke,Female,19-Jul-1964,kbeynke24@opensource.org,160-124-3052,18-Aug-2020,Active
78,Mitchael,Pauleau,Male,15-Mar-1990,mpauleau25@blog.com,423-273-9724,01-Apr-2014,Inactive
79,Codee,Konerding,Female,23-Jun-1984,ckonerding26@people.com.cn,690-528-4002,23-Apr-2016,Suspended
80,Tessa,Naisbitt,Male,26-Dec-1999,tnaisbitt27@dell.com,975-749-8896,27-Aug-2017,Active
81,Ollie,von Grollmann,Male,28-Dec-1963,ovongrollmann28@webnode.com,371-970-5815,28-Jan-2013,Active
82,Alberta,Rishworth,Female,04-Dec-1999,arishworth29@ifeng.com,449-907-5285,26-Apr-2018,Active
83,Jamal,Merton,Male,05-Feb-2003,jmerton2a@auda.org.au,343-563-3126,15-Mar-2014,Suspended
84,Anabella,Bird,Other,20-Feb-1992,abird2b@arstechnica.com,831-722-6142,13-Feb-2019,Inactive
85,Jorrie,Tolotti,Female,27-Dec-1960,jtolotti2c@boston.com,563-508-5622,22-Nov-2021,Suspended
86,Kiah,Gutierrez,Other,19-Apr-1978,kgutierrez2d@engadget.com,447-565-8132,25-Feb-2012,Suspended
87,Thia,Jindracek,Other,07-Mar-2004,tjindracek2e@timesonline.co.uk,832-291-5293,01-Feb-2021,Active
88,Shalom,Kinchington,Female,25-Dec-2003,skinchington2f@state.gov,910-422-4889,25-Mar-2022,Inactive
89,Domenic,Kubek,Male,12-May-1986,dkubek2g@wiley.com,669-416-7097,02-Oct-2022,Suspended
90,Fay,Stillmann,Male,16-Oct-1973,fstillmann2h@over-blog.com,731-575-8449,18-Sep-2019,Active
91,Rodolph,Beddis,Female,29-Dec-1990,rbeddis2i@intel.com,497-120-4052,15-Oct-2012,Inactive
92,Fidelia,Calafato,Female,30-May-1981,fcalafato2j@ebay.com,861-330-2691,24-Feb-2014,Active
93,Nerty,Gilbee,Male,26-Nov-2001,ngilbee2k@weather.com,605-560-3693,05-Jan-2014,Suspended
94,Heidie,Sustin,Male,10-Jun-1998,hsustin2l@census.gov,504-740-1706,15-May-2021,Suspended
95,Aarika,Voaden,Male,19-Oct-1978,avoaden2m@statcounter.com,550-469-3780,16-Mar-2020,Suspended
96,Pavla,Norcross,Male,11-Sep-2002,pnorcross2n@bbb.org,534-703-4210,05-May-2015,Inactive
97,Demetrius,Muckloe,Female,01-Feb-1990,dmuckloe2o@printfriendly.com,786-229-5717,06-Apr-2019,Inactive
98,Zeb,Fields,Female,09-Feb-1977,zfields2p@mlb.com,107-387-9609,02-Nov-2013,Active
99,Tallulah,Mallalieu,Male,20-Sep-1967,tmallalieu2q@theguardian.com,485-393-3925,28-Jan-2017,Suspended
100,Brig,Jermy,Female,12-Jun-1987,bjermy2r@reddit.com,675-236-6339,22-Apr-2015,Inactive
101,Ceciley,Borne,Male,17-Jun-1967,cborne2s@multiply.com,113-198-6600,26-Aug-2022,Active
102,Dicky,Broadberry,Male,02-Feb-2004,dbroadberry2t@over-blog.com,319-459-0204,14-Jun-2015,Active
103,Lari,Conyers,Other,08-Feb-1962,lconyers2u@amazon.co.uk,918-214-3265,21-Dec-2011,Inactive
104,Letizia,Purry,Male,24-Apr-1990,lpurry2v@weebly.com,266-393-4538,25-May-2016,Suspended
105,Bren,Kinmond,Male,28-Dec-2003,bkinmond2w@simplemachines.org,806-711-5286,22-Jul-2016,Active
106,Appolonia,Stranks,Other,30-Sep-2004,astranks2x@youku.com,682-310-9670,07-Nov-2013,Active
107,Maddi,Daoust,Male,03-Aug-1966,mdaoust2y@mayoclinic.com,505-876-2317,14-Nov-2013,Active
108,Nolly,Raven,Male,02-Oct-1994,nraven2z@simplemachines.org,869-475-7620,13-Oct-2013,Inactive
109,Florence,Balding,Male,04-Nov-1976,fbalding30@technorati.com,428-925-6650,22-Jul-2018,Suspended
110,Nissy,Jahns,Female,15-Jun-1966,njahns31@howstuffworks.com,407-383-9240,06-Jun-2020,Suspended
111,Craggy,Utteridge,Male,14-Jan-1995,cutteridge32@acquirethisname.com,568-178-1791,23-Jan-2013,Active
112,Hewet,D'Ugo,Male,03-Aug-1994,hdugo33@house.gov,405-315-2760,24-Apr-2011,Active
113,Shayne,Ambrosini,Other,19-Nov-2002,sambrosini34@amazon.com,760-202-1722,05-Jul-2010,Active
114,Annalee,Cosser,Male,11-Oct-1996,acosser35@latimes.com,914-125-2051,03-Feb-2013,Active
115,Jocelin,Gouth,Other,18-Apr-2002,jgouth36@stanford.edu,249-173-0116,12-Jan-2012,Active
116,Reggie,Kem,Male,22-Sep-1960,rkem37@timesonline.co.uk,795-750-7415,03-May-2018,Active
117,Kandy,Farrar,Male,04-Jan-1963,kfarrar38@stumbleupon.com,227-944-0489,23-Jun-2020,Active
118,Bearnard,Copsey,Female,14-May-1962,bcopsey39@google.com.br,324-856-1139,29-May-2016,Active
119,Tera,Worrill,Female,28-Mar-1973,tworrill3a@shinystat.com,324-372-4835,04-Jun-2017,Active
120,Candie,De Vile,Female,25-Mar-1961,cdevile3b@goodreads.com,503-711-4197,21-Aug-2011,Active
121,Arlin,Robinette,Male,21-Feb-1990,arobinette3c@reverbnation.com,295-929-6127,14-Dec-2017,Active
122,Kennie,Wallen,Female,19-Jul-1984,kwallen3d@behance.net,731-241-6270,14-Dec-2011,Active
123,Bing,Kramer,Female,03-Nov-1962,bkramer3e@wikia.com,311-848-9967,20-Mar-2016,Active
124,Abel,Duffil,Male,13-Aug-1985,aduffil3f@google.ru,989-984-6460,03-Mar-2015,Active
125,Cathryn,Trussell,Female,30-May-2002,ctrussell3g@webeden.co.uk,709-972-9699,13-Jul-2011,Inactive
126,Samson,Pouton,Male,04-Feb-1979,spouton3h@youtube.com,938-283-4631,31-Jan-2017,Active
127,Lizbeth,Bengall,Female,26-Aug-1996,lbengall3i@japanpost.jp,860-814-2235,07-Feb-2014,Active
128,Bruce,Baxstair,Female,02-Apr-2001,bbaxstair3j@chronoengine.com,242-470-7787,18-Dec-2011,Suspended
129,Katerina,Dericot,Male,05-Oct-1994,kdericot3k@narod.ru,770-679-9987,28-Feb-2022,Active
130,Roldan,Krinks,Other,17-Aug-2005,rkrinks3l@nydailynews.com,620-872-7760,20-Jun-2022,Inactive
131,Carrissa,Ramas,Male,12-Dec-1977,cramas3m@hostgator.com,285-712-5462,23-Apr-2011,Active
